{
  "pools": [
    {
      "rolls": 1,
      "entries": [
        {
          "type": "minecraft:item",
          "name": "minecraft:bat_spawn_egg",
          "functions": [
            {
              "function": "minecraft:set_custom_data",
              "tag": "{id:\"ems:enchanting_migration_station\"}"
            },
            {
              "function": "minecraft:set_components",
              "components": {
                "minecraft:custom_model_data": 12910000,
                "minecraft:custom_name": "{\"italic\":false,\"translate\":\"block.ems.enchanting_migration_station\"}"
              }
            }
          ]
        }
      ]
    }
  ]
}
