{
  "pools": [
    {
      "rolls": 1,
      "entries": [
        {
          "type": "minecraft:item",
          "name": "minecraft:knowledge_book",
          "functions": [
            {
              "function": "minecraft:set_custom_data",
              "tag": "{id:\"lyg:gui\",Clear:1b}"
            },
            {
              "function": "minecraft:set_components",
              "components": {
                "minecraft:custom_model_data": 12910003,
                "minecraft:custom_name": "{\"italic\":false,\"translate\":\"gui.ems.button\"}"
              }
            }
          ]
        }
      ]
    }
  ]
}
