{
    "condition": "minecraft:all_of",
    "terms": [
        {
            "condition": "minecraft:inverted",
            "term": {
                "condition": "minecraft:entity_scores",
                "entity": "this",
                "scores": {
                    "pk.it_fi.items_filter.transfer_cooldown": {
                        "min": 1
                    }
                }
            }
        },
        {
            "condition": "minecraft:location_check",
            "offsetY": 1,
            "predicate": {
                "block": {
                    "blocks": "#pk_it_fi:container",
                    "nbt": "{Items:[{}]}"
                }
            }
        },
        {
            "condition": "minecraft:any_of",
            "terms": [
                {
                    "condition": "minecraft:location_check",
                    "offsetY": -1,
                    "predicate": {
                        "block": {
                            "blocks": "#pk_it_fi:fluid"
                        }
                    }
                },
                {
                    "condition": "minecraft:location_check",
                    "offsetY": -1,
                    "predicate": {
                        "block": {
                            "blocks": "#pk_it_fi:container"
                        }
                    }
                }
            ]
        },
        {
            "condition": "minecraft:any_of",
            "terms": [
                {
                    "condition": "minecraft:all_of",
                    "terms": [
                        {
                            "condition": "minecraft:entity_scores",
                            "entity": "this",
                            "scores": {
                                "pk.custom_block.facing": 1
                            }
                        },
                        {
                            "condition": "minecraft:location_check",
                            "offsetX": -1,
                            "predicate": {
                                "block": {
                                    "blocks": "#pk_it_fi:container",
                                    "nbt": "{Items:[{}]}"
                                }
                            }
                        }
                    ]
                },
                {
                    "condition": "minecraft:all_of",
                    "terms": [
                        {
                            "condition": "minecraft:entity_scores",
                            "entity": "this",
                            "scores": {
                                "pk.custom_block.facing": 3
                            }
                        },
                        {
                            "condition": "minecraft:location_check",
                            "offsetX": 1,
                            "predicate": {
                                "block": {
                                    "blocks": "#pk_it_fi:container",
                                    "nbt": "{Items:[{}]}"
                                }
                            }
                        }
                    ]
                },
                {
                    "condition": "minecraft:all_of",
                    "terms": [
                        {
                            "condition": "minecraft:entity_scores",
                            "entity": "this",
                            "scores": {
                                "pk.custom_block.facing": 0
                            }
                        },
                        {
                            "condition": "minecraft:location_check",
                            "offsetZ": 1,
                            "predicate": {
                                "block": {
                                    "blocks": "#pk_it_fi:container",
                                    "nbt": "{Items:[{}]}"
                                }
                            }
                        }
                    ]
                },
                {
                    "condition": "minecraft:all_of",
                    "terms": [
                        {
                            "condition": "minecraft:entity_scores",
                            "entity": "this",
                            "scores": {
                                "pk.custom_block.facing": 2
                            }
                        },
                        {
                            "condition": "minecraft:location_check",
                            "offsetZ": -1,
                            "predicate": {
                                "block": {
                                    "blocks": "#pk_it_fi:container",
                                    "nbt": "{Items:[{}]}"
                                }
                            }
                        }
                    ]
                }
            ]
        }
    ]
}
