{
  "display": {
      "icon": {
          "id": "minecraft:dead_bush"
      },
      "title": "AFK Announcer                                                                                                                  ",
      "description": [
        "",
        {
            "text": "Displays AFK players\n",
            "color": "white"
        },
        {
            "text": "\n",
            "color": "yellow"
        },
        {
            "text": "/trigger",
            "color": "yellow"
        },
        {
            "text": " help.afk_announcer\n",
            "color": "yellow"
        },
        {
            "text": "for help\n",
            "color": "white"
        },
        {
            "text": "\n",
            "color": "green"
        },
        {
            "text": "Datapack version: ",
            "color": "dark_green"
        },
        {
            "text": "v.2.3.2",
            "color": "green"
        },
        {
            "text": "\n",
            "color": "green"
        },
        {
            "text": "Game version: ",
            "color": "dark_green"
        },
        {
            "text": "1.21",
            "color": "green"
        },
        {
            "text": "\n",
            "color": "green"
        },
        {
            "text": "\n",
            "color": "green"
        },
        {
            "text": "modrinth.com/datapack/afk-announcer",
            "color": "dark_purple"
        }
    ],
      "frame": "task",
      "show_toast": false,
      "announce_to_chat": false
  },
  "parent": "jodek:utility",
  "criteria": {
      "tick": {
          "trigger": "minecraft:tick"
      }
  }
}
