{
  "type": "minecraft:crafting_shaped",
  "pattern": [
    "#LE",
    " O ",
    "   "
  ],
  "key": {
    "#": {
      "tag": "minecraft:candles"
    },
    "L": {
      "item": "minecraft:leather"
    },
    "E": {
      "item": "minecraft:enchanted_book"
    },
    "O": {
      "tag": "minecraft:logs"
    }
  },
  "result": {
    "count": 1,
    "id": "minecraft:bat_spawn_egg",
    "components": {
      "minecraft:custom_name": "{\"italic\":false,\"translate\":\"block.ems.enchanting_migration_station\"}",
      "minecraft:custom_model_data": 12910000,
      "minecraft:custom_data": {
        "id": "ems:enchanting_migration_station"
        }
    }
  }
}
