{
  "type": "minecraft:crafting_shapeless",
  "ingredients": [
    {
      "item": "minecraft:glass_bottle"
    },
    {
      "item": "minecraft:ink_sac"
    },
    {
      "item": "minecraft:experience_bottle"
    },
    {
      "item": "minecraft:lapis_lazuli"
    }
  ],
  "result": {
    "count": 1,
    "id": "minecraft:ink_sac",
    "components": {
    "minecraft:custom_name": "{\"italic\":false,\"translate\":\"item.ems.ink_bottle\"}",
    "minecraft:lore": [
      "{\"italic\":false,\"translate\":\"text.ems.1\"}",
      "{\"italic\":false,\"translate\":\" \"}",
      "{\"italic\":false,\"translate\":\"text..ems.remaining_ink\"}",
      "{\"italic\":false,\"translate\":\"\u00a778/8\"}"
    ],
    "minecraft:custom_model_data": 12910001,
    "minecraft:custom_data": {
    "ink":8,
    "id": "ems:ink_bottle"
    }
    }
  }
}
