{
  "pools": [
    {
      "rolls": 1,
      "entries": [
        {
          "type": "minecraft:item",
          "name": "minecraft:ink_sac",
          "functions": [
            {
              "function": "minecraft:set_custom_data",
              "tag": "{id:\"ems:pen_and_ink\",ink:8b}"
            },
            {
              "function": "minecraft:set_components",
              "components": {
                "minecraft:custom_model_data": 12910011,
                "minecraft:custom_name": "{\"italic\":false,\"translate\":\"item.ems.empty_pen_and_ink\"}"
              }
            },
            {
              "function": "minecraft:set_lore",
              "mode": "append",
              "lore": [
                {
                  "translate": "text.ems.1",
                  "italic": false,
                  "color": "yellow"
                }
              ]
            },
            {
              "function": "minecraft:set_lore",
              "mode": "append",
              "lore": [
                {
                  "translate": " ",
                  "italic": false,
                  "color": "yellow"
                }
              ]
            },
            {
              "function": "minecraft:set_lore",
              "mode": "append",
              "lore": [
                {
                  "translate": "text..ems.remaining_ink",
                  "italic": false,
                  "color": "yellow"
                }
              ]
            },
            {
              "function": "minecraft:set_lore",
              "mode": "append",
              "lore": [
                "\u00a770/8"
              ]
            }
          ]
        }
      ]
    }
  ]
}
