{
    "type": "minecraft:crafting_shaped",
    "pattern": ["CHC", "COC", "CDC"],
    "key": {
        "D": {
            "item": "minecraft:dropper"
        },
        "H": {
            "item": "minecraft:hopper"
        },
        "O": {
            "item": "minecraft:observer"
        },
        "C": {
            "item": "minecraft:cobbled_deepslate"
        }
    },
    "result": {
        "id": "minecraft:player_head",
        "components": {
            "minecraft:custom_model_data": 11130050,
            "minecraft:lore": [
                "{\"color\":\"dark_gray\",\"italic\":false,\"text\":\"Items Filter\"}"
            ],
            "minecraft:item_name": "{\"color\":\"white\",\"text\":\"Items Filter\"}",
            "minecraft:custom_data": {
                "pk_data": {
                    "custom_block": 1,
                    "id": "items_filter",
                    "from": "items_filter",
                    "version": 2
                }
            },
            "minecraft:profile": {
                "properties": [
                    {
                        "name": "textures",
                        "value": "eyJ0ZXh0dXJlcyI6eyJTS0lOIjp7InVybCI6Imh0dHA6Ly90ZXh0dXJlcy5taW5lY3JhZnQubmV0L3RleHR1cmUvMzAyMGU0NzExYjE0ZDkxNWUzMWNmYWIyZmYzZDFhYjdlMzZjZjZhZmU4NTI2NGE5YzQ3YWI1Yzk5MmE1N2U2NiJ9fX0="
                    }
                ]
            }
        }
    }
}
